STATE,YEAR,TOT_INCOME,POVERTY_LEVEL,TOT_MEDICAL_EXPENDITURE,TOT_TAX,MIGRATION_REASON
Alabama,2012,23660.435967302452,1.4061080835603996,1181.355131698456,2803.791099000908,Other family reason
Alabama,2013,23627.330206378985,1.3798076923076923,1320.1486866791745,2854.046904315197,"Wanted to own home, not rent"
Alabama,2014,23496.152139461174,1.3585578446909667,1542.4437400950872,2976.881141045959,Foreclosure/eviction
Alabama,2015,24280.556726596405,1.3806571605703657,1354.200247985121,3124.80285182889,"Wanted to own home, not rent"
Alabama,2016,25527.87876206701,1.3934909142532652,1393.9131175468483,3599.391254968768,"Wanted to own home, not rent"
Alabama,2017,27987.95306284805,1.3980045080880403,1768.2458233890216,3875.0411031556614,"Wanted to own home, not rent"
Alabama,2018,29928.971827057183,1.4092747559274756,1353.7938633193862,4455.646025104603,To establish own household
Alabama,2019,28384.530281077947,1.402781802376123,2362.5210084033615,8721.802376122863,Other family reason
Alabama,2020,32059.80242688239,1.4486301369863013,2604.6841941505913,10962.356253889235,To establish own household
Alabama,2021,32853.61915956509,1.4276199587871652,2189.9177196591245,7961.464883925948,To establish own household
Alaska,2012,28916.25708972571,1.4664690841469084,1474.0381218038121,3056.5262668526266,"Wanted to own home, not rent"
Alaska,2013,28810.442629482073,1.474203187250996,1430.9733067729085,2923.381673306773,Foreclosure/eviction
Alaska,2014,33590.225763612216,1.4902058432934926,2034.4462151394423,4917.428950863214,"Wanted to own home, not rent"
Alaska,2015,30405.77791512155,1.4602904820766378,1643.8397198187063,4044.5620107128143,Other family reason
Alaska,2016,33546.774248199916,1.4933820415078356,1746.7488352393054,4671.130029648454,Other family reason
Alaska,2017,33015.62444046553,1.4602730528200538,1544.5510295434199,3973.7488809310653,['Relationship with unmarried partner' 'To establish own household']
Alaska,2018,32203.141972367794,1.4314554549785612,1333.4025726536445,3784.0585993330155,Relationship with unmarried partner
Alaska,2019,33412.14532243415,1.4470935513169845,2467.6748410535874,8363.02497729337,"Wanted to own home, not rent"
Alaska,2020,35141.71641074856,1.4777817919075145,2656.5974088291746,10145.729846449136,Wanted new or better house/apartment
Alaska,2021,35196.22526636225,1.4520504330106978,2330.6747843734147,5821.432267884323,['Cheaper housing' 'New job or job transfer']
Arizona,2012,24377.055917273075,1.3651857525852165,1282.9180390654922,2757.557257755649,"Wanted to own home, not rent"
Arizona,2013,22939.070107858242,1.359254622496148,1177.3366718027735,2411.064714946071,"Wanted to own home, not rent"
Arizona,2014,24878.157216494845,1.3701675257731958,1257.1675257731958,2965.2396907216494,"Wanted to own home, not rent"
Arizona,2015,24121.809643870154,1.3410022061140876,1457.1601008509297,2901.3920579892847,Other family reason
Arizona,2016,26363.81655747469,1.385497319833234,1375.5982727814176,3607.6069088743297,To establish own household
Arizona,2017,29706.8707641196,1.3963870431893688,1603.8787375415282,3987.124584717608,Relationship with unmarried partner
Arizona,2018,28541.090188305254,1.4354558969276512,1611.7528906508094,3455.9653121902875,"Wanted to own home, not rent"
Arizona,2019,31270.219752302317,1.4349793585265163,2500.469990473166,10189.059383931406,"Wanted to own home, not rent"
Arizona,2020,35566.62379764873,1.4837888531618435,2722.745279657998,12387.01781261133,Wanted new or better house/apartment
Arizona,2021,36048.29989440338,1.4684962936816095,2601.70890531503,8575.58218936994,Other family reason
Arkansas,2012,20682.13643410853,1.3693798449612402,1371.157622739018,1850.7441860465117,"Wanted to own home, not rent"
Arkansas,2013,20722.934801762116,1.3376651982378855,1297.01718061674,2085.980176211454,Foreclosure/eviction
Arkansas,2014,20243.204419889502,1.392610497237569,1337.8439226519338,1806.3577348066299,To look for work or lost job
Arkansas,2015,22860.58947368421,1.3661714770797964,1295.9432937181664,2730.6400679117146,"Wanted to own home, not rent"
Arkansas,2016,25153.589012925968,1.401439482961222,1463.9136310223266,3460.6277908343127,To establish own household
Arkansas,2017,28489.136322869956,1.4092301943198804,1579.0200298953662,4570.104633781764,Other family reason
Arkansas,2018,27835.88463911166,1.4219231955582974,1623.2689697717458,4006.5731030228253,"Wanted to own home, not rent"
Arkansas,2019,28100.347073631216,1.420862177470107,2422.495280050346,9860.09628697294,Foreclosure/eviction
Arkansas,2020,32287.852205882355,1.4411358615611194,2653.2007352941177,12332.916544117646,Wanted new or better house/apartment
Arkansas,2021,31204.366304347826,1.424256168359942,2798.897463768116,7125.415579710145,Wanted new or better house/apartment
California,2012,26379.51925220387,1.3840751342587903,1161.3076299523761,3971.959266389705,Foreclosure/eviction
California,2013,27198.12995896033,1.3936388508891928,1223.5486124682432,3890.2897693961304,"Wanted to own home, not rent"
California,2014,30686.072831727204,1.4167670496664195,1429.1313936249073,5050.948480355819,"['To establish own household' 'Wanted to own home, not rent']"
California,2015,29175.09463443396,1.401901533018868,1351.0566037735848,4520.97675904088,"Wanted to own home, not rent"
California,2016,31073.91579927687,1.421599375479347,1343.8385559329463,5387.733373507176,"Wanted to own home, not rent"
California,2017,32517.921555702043,1.4235607558778292,1482.416117336849,5323.344429795649,"Wanted to own home, not rent"
California,2018,33761.82111453374,1.443034164099692,1377.676953234388,5625.726575189023,Relationship with unmarried partner
California,2019,35232.77868852459,1.449024920233249,2215.8972934316207,15915.220211244361,"Wanted to own home, not rent"
California,2020,39390.68654814248,1.4738118022328548,2451.129866819601,17879.193143439752,New job or job transfer
California,2021,38210.60692771084,1.4657349246231155,2350.929781626506,12392.605986445784,Wanted new or better house/apartment
Colorado,2012,28969.57916850951,1.4497733303847855,1533.3717381689519,4125.654135338345,Wanted better neighborhood/less crime
Colorado,2013,29909.344345898004,1.455820399113082,1719.3946784922396,4124.728603104213,Foreclosure/eviction
Colorado,2014,38044.04765450484,1.4831533879374534,1797.1474311243485,7296.104244229337,"Wanted to own home, not rent"
Colorado,2015,32091.612655800574,1.4536193672099713,1686.3870246085012,5035.307126877597,Other family reason
Colorado,2016,32984.109164420486,1.4846698113207548,1672.3463611859838,5249.20260557053,"Wanted to own home, not rent"
Colorado,2017,35190.908210526315,1.4984210526315789,2041.5402105263158,5661.492631578947,Relationship with unmarried partner
Colorado,2018,37921.132321041216,1.4972885032537961,2293.7453362255965,6277.132321041215,Relationship with unmarried partner
Colorado,2019,39823.11135957066,1.495807245080501,3159.344364937388,16094.919499105546,"Wanted to own home, not rent"
Colorado,2020,43045.1603575184,1.500722923238696,3163.4547844374342,20072.71083070452,Change in marital status
Colorado,2021,43876.43261074458,1.4926921263554926,3806.1399622997174,16811.849670122527,"['Relationship with unmarried partner'
 'Wanted new or better house/apartment']"
Connecticut,2012,34288.58564509027,1.4832397622192866,1633.7397622192866,6141.834874504623,Other family reason
Connecticut,2013,35950.34400921659,1.4832085253456222,1835.031797235023,6417.748847926267,"Wanted to own home, not rent"
Connecticut,2014,34855.69632352941,1.4729779411764705,1912.1963235294118,6465.435294117647,Foreclosure/eviction
Connecticut,2015,36233.56834532374,1.515819162851537,2058.757030739045,6646.122302158274,"Wanted to own home, not rent"
Connecticut,2016,38174.14664502165,1.4836309523809523,2169.823593073593,7405.166125541125,To establish own household
Connecticut,2017,38712.93712079426,1.4804881412024269,2086.541092112521,6915.928295642581,"Wanted to own home, not rent"
Connecticut,2018,38883.847865303665,1.4733914612146723,2203.1022248947684,6761.529164161155,"Wanted to own home, not rent"
Connecticut,2019,41810.55040091638,1.4848224513172967,3274.892898052692,21061.936998854526,Other family reason
Connecticut,2020,47903.45382585752,1.5120541611624836,3555.0560686015833,25463.120712401054,Wanted new or better house/apartment
Connecticut,2021,46165.15748031496,1.4805610236220472,3656.8930446194227,19784.05183727034,Change in marital status
Delaware,2012,25107.336483931947,1.4255671077504726,1137.1855702583491,3305.473850031506,To establish own household
Delaware,2013,25310.96131147541,1.4198360655737705,1197.5872131147541,3139.2947540983605,"Wanted to own home, not rent"
Delaware,2014,30439.60386965377,1.4652494908350306,1470.7830957230142,4928.757637474541,"Wanted to own home, not rent"
Delaware,2015,30080.22974472808,1.4600443951165372,1332.7532371439142,4704.640029596744,To establish own household
Delaware,2016,31076.5291005291,1.4665343915343916,1458.2089947089946,4891.521693121693,Other job-related reason
Delaware,2017,31206.546858359958,1.4591986155484558,1550.0537806176783,4683.538338658147,To establish own household
Delaware,2018,34639.145865434,1.4861967128916282,1762.406266050334,5441.921931176168,To establish own household
Delaware,2019,36740.697550585726,1.5114483493077742,3986.422790202343,15966.605963791268,Other job-related reason
Delaware,2020,41136.88619402985,1.5278642590286426,3050.7549751243782,18829.986940298506,New job or job transfer
Delaware,2021,36384.791942273,1.48019578313253,3157.094407696933,8331.787733012628,Wanted new or better house/apartment
District of Columbia,2012,41890.17339755465,1.3669877732493516,1409.1778436457948,9051.382363838458,"Wanted to own home, not rent"
District of Columbia,2013,44772.7975177305,1.3812056737588652,1520.9698581560283,9519.895035460993,"Wanted to own home, not rent"
District of Columbia,2014,46045.46592317224,1.3384448574969021,1640.089219330855,9896.17472118959,Foreclosure/eviction
District of Columbia,2015,47872.313634745464,1.3917319330722677,1730.3919544321823,9645.993592025632,"Wanted to own home, not rent"
District of Columbia,2016,48412.11398789509,1.402614324142569,1631.2488231338266,10341.706792199058,"Wanted to own home, not rent"
District of Columbia,2017,51059.01683937824,1.4117551813471503,1809.264896373057,11042.049222797927,"Wanted to own home, not rent"
District of Columbia,2018,58392.27430910952,1.4456243602865917,1841.4537700443534,13214.939952234732,"Wanted to own home, not rent"
District of Columbia,2019,62619.627326880116,1.4426656738644825,3029.46835443038,30437.049143708115,"Wanted to own home, not rent"
District of Columbia,2020,66276.39782608696,1.4683275185346707,3420.0304347826086,36008.27217391304,Wanted new or better house/apartment
District of Columbia,2021,68255.95685053381,1.425711743772242,3047.2508896797153,34701.65302491103,Wanted new or better house/apartment
Florida,2012,25726.427079401034,1.4085818547879703,1384.3803951176544,2568.4346294199067,Other family reason
Florida,2013,25344.668296260083,1.4064715228550477,1396.835370325104,2390.4855780982643,"Wanted to own home, not rent"
Florida,2014,28311.22432789775,1.4191273688849713,1661.6866460996034,3413.76597620097,['Other family reason' 'Relationship with unmarried partner']
Florida,2015,26947.81678122778,1.3873251955439678,1384.248163071818,3230.268428537568,Other family reason
Florida,2016,28276.422357229647,1.3978584447144593,1652.425637910085,3490.3287970838396,Relationship with unmarried partner
Florida,2017,29408.52479435958,1.4389101057579319,1665.101527614571,3312.1814336075204,Relationship with unmarried partner
Florida,2018,30551.173429479346,1.4342611830848204,1597.2291615741872,3523.21706184307,Other family reason
Florida,2019,32054.61224489796,1.432034632034632,2430.804823747681,8339.160296846012,To establish own household
Florida,2020,35557.75155631013,1.4625744258576694,2341.7587719298244,9934.945670628184,Wanted new or better house/apartment
Florida,2021,33284.067218200624,1.436730993394638,2387.27740434333,3876.6750258531542,Wanted new or better house/apartment
Georgia,2012,24532.904049700875,1.377646111366774,1289.5255407271054,3458.122181316153,"Wanted to own home, not rent"
Georgia,2013,24754.723149819496,1.3776793772563176,1337.8449909747292,3194.687725631769,Other family reason
Georgia,2014,28026.451589595377,1.400559971098266,1472.9335260115606,4435.903179190752,"Wanted to own home, not rent"
Georgia,2015,26600.767007172355,1.386437730928059,1386.2877635296675,3919.756139969572,Other family reason
Georgia,2016,25890.346826347304,1.3689820359281437,1366.3396407185628,3931.248143712575,"Wanted to own home, not rent"
Georgia,2017,28871.591717417785,1.4035018270401949,1464.324238733252,4400.236784409257,"Wanted to own home, not rent"
Georgia,2018,30050.106666666667,1.4250595238095238,1510.025,4509.646904761905,"Wanted to own home, not rent"
Georgia,2019,30625.06686260103,1.415809453832966,2325.1760960078373,12194.160176340925,"Wanted to own home, not rent"
Georgia,2020,33140.76410547207,1.4484330484330485,2538.9268500141766,14493.866742273887,Wanted new or better house/apartment
Georgia,2021,33656.83967883968,1.4326473643209556,2090.4418544418545,9073.820253820253,New job or job transfer
Hawaii,2012,28084.942754424777,1.4614560287610618,978.5099557522124,4475.003595132744,Foreclosure/eviction
Hawaii,2013,27012.61903409091,1.4391690340909091,1103.45,4012.446875,Foreclosure/eviction
Hawaii,2014,28997.54975124378,1.4694237147595357,1276.382255389718,4257.937810945274,Foreclosure/eviction
Hawaii,2015,30621.890386869873,1.4854557444314185,1472.9835873388042,4700.955451348183,Foreclosure/eviction
Hawaii,2016,31186.657023465123,1.4809144969463195,1255.120218579235,5214.00225008036,To establish own household
Hawaii,2017,33766.66367425457,1.5017233087528055,1221.6521320936197,5577.955755049696,Other family reason
Hawaii,2018,36459.507265968234,1.4889320716458263,1181.2774586008786,6289.081784386617,Relationship with unmarried partner
Hawaii,2019,38910.75349162011,1.5010911312849162,2372.9130586592178,20149.564594972067,To establish own household
Hawaii,2020,38584.42868920033,1.5183519437551696,2214.1475680131903,18620.20197856554,Other family reason
Hawaii,2021,36533.71434093545,1.4901723470178156,2184.115191341322,11486.942404329338,Other housing reason
Idaho,2012,20358.688073394496,1.384904086738949,1662.2243536280234,2179.054628857381,Foreclosure/eviction
Idaho,2013,22110.111405835545,1.4008620689655173,1428.422634836428,2501.872236958444,Foreclosure/eviction
Idaho,2014,22268.009589041096,1.422431506849315,1688.968493150685,2667.813698630137,Other family reason
Idaho,2015,25806.71215510813,1.4420208799403431,1599.9470544369874,3804.2472035794185,Foreclosure/eviction
Idaho,2016,26368.63216011042,1.4408212560386473,1648.873015873016,3921.227398205659,To establish own household
Idaho,2017,26718.445107794363,1.466252072968491,2153.255721393035,3643.644776119403,"Wanted to own home, not rent"
Idaho,2018,27917.182073813707,1.4637521968365554,1806.02460456942,3809.1641476274167,"['Relationship with unmarried partner' 'Wanted to own home, not rent']"
Idaho,2019,28017.391129032258,1.468665994623656,2579.8454301075267,9538.989919354839,To establish own household
Idaho,2020,33475.74018895349,1.5127773735903964,3031.298691860465,13205.926962209302,"['To establish own household' 'Wanted to own home, not rent']"
Idaho,2021,31773.589142091154,1.4894573252688172,2738.9038203753353,6275.866621983914,Wanted new or better house/apartment
Illinois,2012,26907.297247138882,1.4249149396845036,1368.126507887411,4152.2352304361275,['Foreclosure/eviction' 'Other family reason']
Illinois,2013,29426.578782894736,1.4342722039473683,1498.9521381578948,4718.344078947369,"Wanted to own home, not rent"
Illinois,2014,31129.381778741867,1.4299755965292842,1590.6887201735358,5498.572668112798,Other family reason
Illinois,2015,30395.362504323763,1.4362028709789,1730.731061916292,5055.402974749221,"Wanted to own home, not rent"
Illinois,2016,33081.90442933284,1.4651948171292042,1760.4399926484102,5821.244624149973,"Wanted to own home, not rent"
Illinois,2017,34071.93325705568,1.4605263157894737,1901.0955377574371,5494.905415713196,"Wanted to own home, not rent"
Illinois,2018,35919.149418490044,1.4759264734870885,1986.5828898087916,6036.283067218608,"Wanted to own home, not rent"
Illinois,2019,37215.661457276234,1.483661457276233,3140.94438806576,17786.48893850213,"Wanted to own home, not rent"
Illinois,2020,40428.00359367513,1.4930172620474707,3025.421178725443,19749.85864877815,Wanted new or better house/apartment
Illinois,2021,41774.11488600804,1.5096949038891372,3461.3480107286546,18021.22664282521,Wanted new or better house/apartment
Indiana,2012,24244.378145695366,1.412293046357616,1556.7440397350992,3342.1331125827815,"Wanted to own home, not rent"
Indiana,2013,24016.668988391375,1.4194029850746268,1611.5067993366501,3019.5777777777776,To establish own household
Indiana,2014,26515.831395348836,1.4203488372093023,1357.5081395348836,3986.0197674418605,To establish own household
Indiana,2015,25422.000975609757,1.4147967479674797,1656.5668292682926,3588.1964227642275,Other family reason
Indiana,2016,26306.781433224754,1.4268729641693811,2017.22671009772,3945.071986970684,"Wanted to own home, not rent"
Indiana,2017,29771.160265363127,1.4591043994413408,1888.4490223463688,4569.1424581005585,Foreclosure/eviction
Indiana,2018,29448.11966101695,1.462457627118644,1948.333220338983,4138.149830508474,Other family reason
Indiana,2019,30989.55406360424,1.4690812720848057,2620.5053003533567,10830.233568904594,Other family reason
Indiana,2020,32973.505656108595,1.4890151515151515,3049.121417797888,14674.899698340874,Wanted new or better house/apartment
Indiana,2021,36237.73688362919,1.4666600712307083,2775.173964497041,11854.61775147929,Wanted new or better house/apartment
Iowa,2012,25151.620430107527,1.4694220430107527,1403.9516129032259,3266.062634408602,"Wanted to own home, not rent"
Iowa,2013,26105.023803083583,1.4731539085745198,1425.0500405734379,3297.7781985393563,"Wanted to own home, not rent"
Iowa,2014,29154.861936720998,1.4449904122722914,1987.2866730584851,4253.670182166827,Other family reason
Iowa,2015,28978.989799773328,1.4740744238760861,1684.9089535323008,4300.362296939932,"Wanted to own home, not rent"
Iowa,2016,30902.690488431876,1.4804627249357327,1733.2766066838046,5305.080205655527,"Wanted to own home, not rent"
Iowa,2017,31866.52644836272,1.481234256926952,1770.106297229219,5019.657934508816,"Wanted to own home, not rent"
Iowa,2018,32048.611782477343,1.4955941591137967,1958.4818731117825,4755.684793554884,Other family reason
Iowa,2019,32449.92830540037,1.488012104283054,2743.2965549348232,12660.319366852886,Wanted better neighborhood/less crime
Iowa,2020,33450.36587926509,1.4808753943217665,3018.9448818897636,12039.205774278214,Wanted new or better house/apartment
Iowa,2021,35214.724174653886,1.49227078891258,3161.496272630458,9848.786474973376,Wanted new or better house/apartment
Kansas,2012,24471.310392770247,1.4180570038234273,1754.4581160931525,2946.270768161279,"Wanted to own home, not rent"
Kansas,2013,25994.63524877365,1.4205063069376314,1586.0395935529082,3381.0679747722493,"Wanted to own home, not rent"
Kansas,2014,26655.97111111111,1.4525,1772.1355555555556,3410.02,"Wanted to own home, not rent"
Kansas,2015,27113.30107100357,1.4455077350257834,1683.2443474811582,3631.7088456961524,To establish own household
Kansas,2016,29063.62380736029,1.4384370740572467,1628.341208541572,4369.893230349841,"Wanted to own home, not rent"
Kansas,2017,29739.412946428572,1.4673549107142858,1704.1973214285715,3939.9754464285716,"Wanted to own home, not rent"
Kansas,2018,32118.224435590968,1.433045595396193,1506.2886232846392,4614.413014608233,"Wanted to own home, not rent"
Kansas,2019,33446.85443317159,1.5003859726510806,3028.247904719894,14034.694309660345,"Wanted to own home, not rent"
Kansas,2020,36321.56345679012,1.4940034619188922,2771.024197530864,15348.149135802469,Cheaper housing
Kansas,2021,36381.57004830918,1.5003630203291385,2802.736231884058,10827.43043478261,Wanted new or better house/apartment
Kentucky,2012,21720.383505154638,1.3947594501718212,1349.1886597938144,2540.009965635739,Other family reason
Kentucky,2013,22263.277424185697,1.372472856608012,1291.0898539872708,2504.378509921378,Other family reason
Kentucky,2014,22656.925301204818,1.323644578313253,1091.2192771084337,2888.9530120481927,To establish own household
Kentucky,2015,25761.933866891322,1.3550968828980623,1412.5994102780119,3910.9481887110364,Other family reason
Kentucky,2016,24868.9070754717,1.3660377358490565,1403.9117924528302,3673.7462264150945,Other family reason
Kentucky,2017,26365.962171784602,1.413384512683578,1477.1624388072987,3597.2848242100576,"Wanted to own home, not rent"
Kentucky,2018,29063.601554907676,1.4265063168124392,1533.5053449951408,4268.020894071915,To establish own household
Kentucky,2019,32070.513513513513,1.4098232848232848,1898.839916839917,13825.759875259875,"Wanted to own home, not rent"
Kentucky,2020,33830.92343387471,1.434485764090645,2444.0933874709976,13621.237238979118,Wanted new or better house/apartment
Kentucky,2021,30577.280507131538,1.4157623080995236,2218.24352879028,6003.458003169572,Wanted new or better house/apartment
Louisiana,2012,21835.021635883906,1.333245382585752,1247.538258575198,2269.1778364116094,Other family reason
Louisiana,2013,21773.91789577188,1.334869714847591,1310.9272369714847,2053.397738446411,Other family reason
Louisiana,2014,24890.0900140647,1.339662447257384,1486.4472573839662,3691.89029535865,Other family reason
Louisiana,2015,23671.79027742428,1.3180834818019853,1314.876304403156,3016.543904301349,Other family reason
Louisiana,2016,27180.647546648237,1.3736178299930892,1588.9679797281733,3863.4814558857406,To establish own household
Louisiana,2017,26021.818995993402,1.3530520857883572,1515.4713646005184,3449.1074711289184,To establish own household
Louisiana,2018,26785.327781800628,1.344798455225682,1433.2461984069514,3509.932416123582,"Wanted to own home, not rent"
Louisiana,2019,28908.56917858008,1.3829355464017445,2231.9030772958567,8508.003876908166,"Wanted to own home, not rent"
Louisiana,2020,31517.47216216216,1.388870094722598,2488.338918918919,10061.022972972973,Wanted new or better house/apartment
Louisiana,2021,30331.802487941102,1.4137821328582336,2446.216806296014,4883.962427011932,Wanted new or better house/apartment
Maine,2012,26865.703231821008,1.43730577998757,1442.2967681789933,3887.530142945929,Foreclosure/eviction
Maine,2013,26589.884958677685,1.4488429752066116,1594.3553719008264,3544.29652892562,"Wanted to own home, not rent"
Maine,2014,28698.656031904287,1.4733300099700897,1679.703888334995,3880.7228315054836,"['To look for work or lost job' 'Wanted to own home, not rent']"
Maine,2015,29023.553694581282,1.4254310344827585,1900.160591133005,4120.139408866995,Relationship with unmarried partner
Maine,2016,29337.62811791383,1.444349962207105,1952.0151171579744,4224.795162509448,Other family reason
Maine,2017,30773.21251819505,1.4291302765647744,1743.2430858806404,4605.917030567685,"Wanted to own home, not rent"
Maine,2018,29738.84573643411,1.4518410852713177,1734.851937984496,3914.663565891473,Foreclosure/eviction
Maine,2019,32565.089896579157,1.4598249801113763,3099.9713603818614,9880.281622911694,Wanted better neighborhood/less crime
Maine,2020,36575.871748878926,1.488544474393531,3473.8152466367715,12071.282511210762,Wanted new or better house/apartment
Maine,2021,36531.51944444444,1.4830547818013,2802.578703703704,8045.289814814815,Cheaper housing
Maryland,2012,33229.163858804655,1.4983955074207782,1564.31969514641,4081.216004813478,"Wanted to own home, not rent"
Maryland,2013,33139.31772643631,1.4876047842976896,1580.03843794725,5180.572888979758,Foreclosure/eviction
Maryland,2014,37280.66061827957,1.4919354838709677,1706.5987903225807,6715.358198924731,"Wanted to own home, not rent"
Maryland,2015,37173.657626130065,1.490230387868183,1795.0871974336542,6452.259842519685,Foreclosure/eviction
Maryland,2016,36878.08599404002,1.5004789272030652,1497.7530864197531,7155.6543209876545,"Wanted to own home, not rent"
Maryland,2017,40249.775147928995,1.5068153000845308,1909.9505494505495,7974.077345731192,Relationship with unmarried partner
Maryland,2018,40303.46258784622,1.5047023563455975,2006.7763538652337,7525.241008681273,Other family reason
Maryland,2019,41256.01593625498,1.5132248782647189,3276.682160247897,22295.387339530767,"Wanted to own home, not rent"
Maryland,2020,46663.927987742594,1.5284469502819067,3235.9668028600613,26615.8202247191,New job or job transfer
Maryland,2021,50724.05174081238,1.5006044487427466,2993.8056092843326,29282.974371373308,New job or job transfer
Massachusetts,2012,31978.86000668226,1.470472769796191,1611.2378884062814,5255.075509522218,"Wanted to own home, not rent"
Massachusetts,2013,31530.809330628803,1.455079445571332,1598.9033130493576,4866.876267748478,Foreclosure/eviction
Massachusetts,2014,38240.03571428572,1.4686011904761904,1749.847619047619,7720.3345238095235,Relationship with unmarried partner
Massachusetts,2015,35078.83738087919,1.4405548724254533,1738.8078696587766,6212.862280971411,Foreclosure/eviction
Massachusetts,2016,37266.12510662497,1.4628234290588569,1670.807506397498,7089.195905601365,"Wanted to own home, not rent"
Massachusetts,2017,37593.7789415656,1.4965545755237044,1799.7918963616316,6479.3133958103635,"Wanted to own home, not rent"
Massachusetts,2018,40936.82721010333,1.4782936280137773,2041.0795063145808,7428.19776119403,"Wanted to own home, not rent"
Massachusetts,2019,45024.617273730684,1.4968956953642385,3522.5190397350993,23623.960816777042,Other job-related reason
Massachusetts,2020,49349.51963117192,1.5184633710541988,3501.1909577632364,27518.898274836407,New job or job transfer
Massachusetts,2021,50436.96596281122,1.5015402843601895,3644.77245508982,24071.046013236686,Wanted new or better house/apartment
Michigan,2012,24928.67960954447,1.4131507592190888,1151.5674620390455,3105.5568329718003,"Wanted to own home, not rent"
Michigan,2013,26695.744932817124,1.4362901389205192,1317.415395126395,3458.8173536779777,Other family reason
Michigan,2014,30706.35758407687,1.4308510638297873,1538.522306108442,5020.264927934111,"Wanted to own home, not rent"
Michigan,2015,27836.999753876447,1.4215173517105586,1449.8001476741324,4130.534334235786,"Wanted to own home, not rent"
Michigan,2016,29522.115313895454,1.43797609666404,1591.585500394011,4485.234305227213,"Wanted to own home, not rent"
Michigan,2017,30307.01380721043,1.4693812324213755,1702.5014062899513,4241.331117361288,"Wanted to own home, not rent"
Michigan,2018,32362.702055685662,1.4467863648191517,1678.0658339838667,4785.269841269841,"Wanted to own home, not rent"
Michigan,2019,34054.20051880674,1.4813878080415046,2603.16186770428,12831.524513618677,"Wanted to own home, not rent"
Michigan,2020,39013.42795883362,1.4937732608073289,2872.6798170383076,15830.366781017725,To establish own household
Michigan,2021,41864.3705654102,1.4753609106052192,2644.6064301552105,17525.20953436807,To establish own household
Minnesota,2012,28609.390078439686,1.4819800720797116,1581.5450498198006,4007.7356370574516,"Wanted to own home, not rent"
Minnesota,2013,29732.25730994152,1.4754594820384295,1690.1769005847952,4120.124895572264,Foreclosure/eviction
Minnesota,2014,32093.992962702323,1.48926812104152,2019.5742434904996,5082.1252638986625,"Wanted to own home, not rent"
Minnesota,2015,33239.24346201743,1.495524595267746,1757.2646326276463,5364.823785803238,"Wanted to own home, not rent"
Minnesota,2016,33556.12907321202,1.5117435463393991,1931.5827338129495,5856.697418535759,"Wanted to own home, not rent"
Minnesota,2017,34244.871975362956,1.4921359436867576,2057.025956885174,5230.948526176859,Relationship with unmarried partner
Minnesota,2018,34886.310662571304,1.5023584905660377,1952.7705133830627,5401.022378236068,"Wanted to own home, not rent"
Minnesota,2019,38205.72956521739,1.5028804347826088,3309.6421739130433,17970.06347826087,"Wanted to own home, not rent"
Minnesota,2020,40810.969654528475,1.5388434579439252,3393.6344537815125,18762.828197945844,Wanted new or better house/apartment
Minnesota,2021,45972.854571293225,1.5140995260663508,3543.639981051634,21216.295594504973,Change in marital status
Mississippi,2012,21265.716261061945,1.3834347345132743,1295.4823008849557,2175.336283185841,To establish own household
Mississippi,2013,20762.994638069704,1.3200402144772119,1194.0155495978552,2272.069705093834,Relationship with unmarried partner
Mississippi,2014,25929.4106870229,1.3627862595419846,1457.6213740458015,4267.731297709924,To establish own household
Mississippi,2015,20625.90830769231,1.3261923076923077,1274.8886153846154,2297.200307692308,To establish own household
Mississippi,2016,22477.99721137758,1.3577105409927497,1352.8655883993308,3001.5250976017846,To establish own household
Mississippi,2017,23302.60527095055,1.3413162570328694,1361.9067219425526,2665.3500148060407,To establish own household
Mississippi,2018,23593.18956780924,1.3691132637853949,1363.1567809239941,2553.174962742176,"Wanted to own home, not rent"
Mississippi,2019,24397.17400546614,1.365889766170665,2075.549043425448,7023.601882781658,"Wanted to own home, not rent"
Mississippi,2020,26888.33105924596,1.374955035971223,2283.008976660682,7750.564811490126,To establish own household
Mississippi,2021,26735.863105175293,1.3726170568561873,2082.2230383973288,3547.6457429048414,Wanted new or better house/apartment
Missouri,2012,25348.80359477124,1.4095179738562091,1425.5196078431372,3397.1049019607844,To establish own household
Missouri,2013,26780.594437257438,1.4163163001293662,1336.2567917205693,3620.5847347994827,"Wanted to own home, not rent"
Missouri,2014,25234.419567262466,1.3900517403574788,1800.9520225776105,3440.2944496707432,To establish own household
Missouri,2015,29761.727172312225,1.4661726804123711,1571.1660530191457,4446.204712812961,"Wanted to own home, not rent"
Missouri,2016,30523.646141215107,1.4788587848932677,2032.4466338259442,4859.3957307060755,"Wanted to own home, not rent"
Missouri,2017,28755.90966971747,1.4433943493832073,1673.6565857540788,4063.8782331874254,To establish own household
Missouri,2018,32132.00125733445,1.4667854149203687,1750.3595976529757,4728.976110645432,"Wanted to own home, not rent"
Missouri,2019,32992.4591620821,1.4554591620820991,2794.537452391028,11772.243757934828,Other family reason
Missouri,2020,34083.53195579049,1.4957270101107367,2920.83277270543,12055.04132628544,Wanted new or better house/apartment
Missouri,2021,35964.90680212014,1.4830527248560035,2876.63074204947,8579.582155477032,Other housing reason
Montana,2012,21593.21369409166,1.389356709000552,1324.3749309773605,2237.9491993373827,Foreclosure/eviction
Montana,2013,24228.156741573035,1.4223314606741573,1377.997191011236,2745.5331460674156,Foreclosure/eviction
Montana,2014,24811.289134438306,1.4544198895027625,1569.1381215469614,3235.5414364640883,Other family reason
Montana,2015,28737.487382840663,1.4520998558038933,1889.060922855083,4063.981614996395,Other family reason
Montana,2016,28607.36958443855,1.4544282346006483,1753.1597406424992,4234.978485116416,Foreclosure/eviction
Montana,2017,29997.814939623702,1.4650028081999438,1882.4243190115137,4051.893850042123,"Wanted to own home, not rent"
Montana,2018,32076.439885496184,1.4848123409669212,1687.5394402035624,4631.386450381679,"Wanted to own home, not rent"
Montana,2019,30428.462824010912,1.4759976125511596,2745.6650750341064,10035.56309686221,"Wanted to own home, not rent"
Montana,2020,33646.48573545758,1.4906771799628942,3209.8077065579846,12268.450537236013,Other family reason
Montana,2021,34970.06076718572,1.4749238675295013,2709.600075958982,9521.344473984049,To establish own household
Nebraska,2012,26758.806140878987,1.4775361228175798,1619.4247441300422,3635.585791691752,Foreclosure/eviction
Nebraska,2013,25884.193277310926,1.4630252100840335,1559.2527731092437,3094.620168067227,Wanted better neighborhood/less crime
Nebraska,2014,29087.10495963091,1.498125720876586,2244.8846597462516,4139.843137254902,"Wanted to own home, not rent"
Nebraska,2015,27731.445088940447,1.4501160092807424,1792.76875483372,3944.5599381283837,To establish own household
Nebraska,2016,28403.75873827792,1.4628090366581414,1525.9011082693946,4541.658141517477,"Wanted to own home, not rent"
Nebraska,2017,29582.66636528029,1.481125678119349,1803.9321880650994,4174.698462929476,"Wanted to own home, not rent"
Nebraska,2018,31035.678587596198,1.473234495246718,2307.5436849253056,4436.913988229969,To establish own household
Nebraska,2019,33860.24668798538,1.466423024211969,3126.7460027409775,12678.816354499771,Other family reason
Nebraska,2020,35776.541507633585,1.5045563549160672,3228.4126908396947,13666.126908396947,New job or job transfer
Nebraska,2021,36592.393154486585,1.4936372049976863,2934.7802960222016,8756.247456059204,"Wanted to own home, not rent"
Nevada,2012,23490.12676508344,1.4008344030808728,1237.3761232349166,2063.426187419769,"Wanted to own home, not rent"
Nevada,2013,23747.403003754695,1.4022997496871088,1270.3466833541927,2045.939299123905,Other family reason
Nevada,2014,26577.70067264574,1.4114349775784754,1634.4966367713005,2841.232062780269,Wanted better neighborhood/less crime
Nevada,2015,24992.546815175774,1.3860076575008702,1294.8739993038635,2705.0351548903586,"Wanted to own home, not rent"
Nevada,2016,27517.964970809007,1.448550875729775,1321.9837364470393,3348.087155963303,"Wanted to own home, not rent"
Nevada,2017,27958.44243882872,1.4920778178900922,1520.7817890092258,2863.452868030485,Wanted better neighborhood/less crime
Nevada,2018,29088.4075,1.4345833333333333,1458.3966666666668,3257.2545833333334,Other family reason
Nevada,2019,31921.946693386773,1.4460420841683366,2384.5038076152305,8096.655310621242,Other family reason
Nevada,2020,35405.51242913214,1.4745420846053205,2876.7082424771042,9279.31443523768,Wanted new or better house/apartment
Nevada,2021,32764.04117647059,1.4465412111017661,2250.1701680672268,4424.19537815126,Cheaper housing
New Hampshire,2012,31476.731740064446,1.5174879162191193,1706.125939849624,3420.5668635875404,Other family reason
New Hampshire,2013,32310.943719621388,1.510904323356357,1666.865950370939,3550.2588897416217,"Wanted to own home, not rent"
New Hampshire,2014,33928.293193717276,1.5417757417102966,1973.1753926701572,4397.4232111692845,Change in marital status
New Hampshire,2015,36006.9626396648,1.5089036312849162,2093.800279329609,5125.702164804469,To establish own household
New Hampshire,2016,36147.742831133364,1.522246244879381,2157.6153846153848,5036.59080564406,"Wanted to own home, not rent"
New Hampshire,2017,38080.30192131748,1.5272758462946021,2127.9441903019215,4870.636322049405,"Wanted to own home, not rent"
New Hampshire,2018,38531.41950321987,1.530646274149034,2167.2851885924565,4888.392364305428,"Wanted to own home, not rent"
New Hampshire,2019,40842.28658536585,1.5368785178236397,3588.575046904315,12932.6308630394,To look for work or lost job
New Hampshire,2020,45564.88877445932,1.5640133951571356,4144.179711637487,17025.933573635426,Wanted new or better house/apartment
New Hampshire,2021,45064.09247648903,1.545698221757322,3716.6844305120167,11489.349007314524,To establish own household
New Jersey,2012,32844.859931673986,1.4734016593460224,1494.0922401171304,5347.506832601269,"Wanted to own home, not rent"
New Jersey,2013,33678.381012024045,1.480993236472946,1645.7855711422847,5422.354208416834,"Wanted to own home, not rent"
New Jersey,2014,34615.383802816905,1.4848151408450705,2048.893485915493,5884.602992957746,"Wanted to own home, not rent"
New Jersey,2015,32994.49266716381,1.4736825751926423,1828.26373353219,5488.042505592841,Other family reason
New Jersey,2016,35648.93336776859,1.4758522727272727,1649.4028925619834,6510.5015495867765,"Wanted to own home, not rent"
New Jersey,2017,37589.47799248524,1.4878556092324209,1803.1728395061727,6594.6782071927,Other family reason
New Jersey,2018,37530.91427768409,1.486403878583474,1906.417650365374,6247.6275997751545,"Wanted to own home, not rent"
New Jersey,2019,43131.035488308116,1.5051925722145805,3506.9414030261346,23612.540577716645,"Wanted to own home, not rent"
New Jersey,2020,46025.43246073298,1.5208187849162011,3629.904712041885,25196.95636998255,Wanted new or better house/apartment
New Jersey,2021,47350.12409240924,1.5073456586332123,3095.425082508251,21146.260726072607,Wanted new or better house/apartment
New Mexico,2012,23707.041862899005,1.351582940868655,1376.138147566719,2098.229722658294,Foreclosure/eviction
New Mexico,2013,28615.337773042087,1.3572189664358019,1421.9664358018115,4350.391582312201,Foreclosure/eviction
New Mexico,2014,23596.232815964522,1.2935144124168514,1268.8470066518846,2852.305986696231,Other family reason
New Mexico,2015,23637.0509406657,1.3504341534008684,1320.2341534008683,2818.404341534009,"Wanted to own home, not rent"
New Mexico,2016,23839.55489760671,1.3610288675055515,1203.315075252899,2833.2146558105105,Other family reason
New Mexico,2017,27678.93717413973,1.3725886339937434,1247.512252346194,4021.3748696558914,"Wanted to own home, not rent"
New Mexico,2018,26321.92374544435,1.3664143537987103,1240.148584244463,3080.5674236052705,"Wanted to own home, not rent"
New Mexico,2019,30125.38172678888,1.3890079834417504,1974.3805440567712,11604.716144293317,Other family reason
New Mexico,2020,29727.01813742588,1.415211316800559,2486.0753400767353,7435.692710149982,Other family reason
New Mexico,2021,29789.433103448275,1.3993175535590878,2165.5827586206897,2625.406896551724,To establish own household
New York,2012,27025.447799326445,1.4030164905353617,1130.9642317965393,4333.152711647892,"Wanted to own home, not rent"
New York,2013,28396.19486132789,1.38262396446152,1155.8242285988715,4568.759514947773,"Wanted to own home, not rent"
New York,2014,31577.927902240324,1.3858452138492872,1303.3580448065172,5757.09816700611,Other family reason
New York,2015,31755.78090999011,1.422956849653808,1295.9750247279921,5640.594955489614,Foreclosure/eviction
New York,2016,33330.73012242701,1.4215996233014934,1410.7968518767657,6155.028386923181,"Wanted to own home, not rent"
New York,2017,35940.085476956054,1.4501272775991425,1486.4661039657021,6599.172159699893,"Wanted to own home, not rent"
New York,2018,36567.35064748202,1.432517985611511,1691.3227338129495,6695.394388489209,Relationship with unmarried partner
New York,2019,38588.92330502763,1.4585692141798086,2303.61814260682,19230.434559913734,"Wanted to own home, not rent"
New York,2020,40918.67495671337,1.4528588328075709,2359.757280025185,20407.356052258776,Wanted new or better house/apartment
New York,2021,39713.15013540961,1.453297169011697,2557.6794177386596,15377.100710900473,Wanted new or better house/apartment
North Carolina,2012,24621.788697174292,1.4058514628657164,1456.8472118029508,3600.027506876719,"Wanted to own home, not rent"
North Carolina,2013,23603.418094758064,1.3852066532258065,1446.719506048387,3793.814516129032,Relationship with unmarried partner
North Carolina,2014,25614.864673485445,1.4170928402832415,1749.5625491738788,4605.032258064516,"Wanted to own home, not rent"
North Carolina,2015,27215.07965009208,1.3959772099447514,1495.6742633517495,4210.234576427256,To establish own household
North Carolina,2016,27976.297693920336,1.4101153039832286,1669.7605404146284,4249.279990682507,To establish own household
North Carolina,2017,29623.46804998821,1.4373968403678379,1869.298278707852,4436.408158453195,Relationship with unmarried partner
North Carolina,2018,30255.97641509434,1.4275074478649454,1986.5705064548163,4499.200595829196,Relationship with unmarried partner
North Carolina,2019,30453.97222881557,1.4330643247092334,2574.956088298125,11380.307619273677,"Wanted to own home, not rent"
North Carolina,2020,33876.62075736326,1.4476678842371453,2840.827489481066,12994.311640953716,New job or job transfer
North Carolina,2021,33831.497223624436,1.4329453441295548,2677.8379606259464,7229.111812216052,Wanted new or better house/apartment
North Dakota,2012,30251.624354561103,1.4905873493975903,1771.290017211704,3607.5464716006886,"Wanted to own home, not rent"
North Dakota,2013,30224.04318936877,1.470514950166113,1670.2927740863788,3589.035299003322,"['Foreclosure/eviction' 'Wanted to own home, not rent']"
North Dakota,2014,32066.568990042673,1.448968705547653,2191.8392603129446,4622.167852062589,Foreclosure/eviction
North Dakota,2015,31140.580389043273,1.489579198094482,2141.807860262009,4324.315204446209,"Wanted to own home, not rent"
North Dakota,2016,31496.362548097477,1.46985891406584,1879.9965797349294,4400.2330055579305,To establish own household
North Dakota,2017,31523.823920265782,1.4896179401993355,1873.1075581395348,3795.1071428571427,Other family reason
North Dakota,2018,31462.701149425287,1.4750615763546797,1853.8132183908046,3750.9880952380954,Relationship with unmarried partner
North Dakota,2019,35553.218280467445,1.4855488313856426,3109.993739565943,11434.19532554257,"Wanted to own home, not rent"
North Dakota,2020,38299.548012505584,1.5195681511470984,2938.0232246538635,11974.309066547567,Wanted new or better house/apartment
North Dakota,2021,35393.90187296417,1.4760540319279574,3004.075325732899,5568.2475570032575,Wanted new or better house/apartment
Ohio,2012,24713.201239669423,1.4116219008264463,1337.423347107438,3046.7328512396693,Foreclosure/eviction
Ohio,2013,24561.565883951098,1.4135455074713759,1446.3122452940036,2834.221618474675,Other family reason
Ohio,2014,27930.319317489335,1.417428397318708,1540.1237050578916,4310.02985984156,"['Other family reason' 'Wanted to own home, not rent']"
Ohio,2015,26558.409577692462,1.4040715296019397,1502.7943018791675,3644.399272580319,"Wanted to own home, not rent"
Ohio,2016,27136.035783574047,1.4356272903643026,1647.961198534167,3799.9514981677085,"Wanted to own home, not rent"
Ohio,2017,30326.69847651291,1.435331146847228,1736.5698264917478,4262.831570038087,"Wanted to own home, not rent"
Ohio,2018,32252.80487804878,1.4534181519699811,1865.2481238273922,4514.148686679175,"Wanted to own home, not rent"
Ohio,2019,33772.04791868345,1.4635164569215877,2990.8852855759924,12117.447483059052,"Wanted to own home, not rent"
Ohio,2020,37757.44892247411,1.4684785654244887,3130.8007276798207,13770.697173243772,New job or job transfer
Ohio,2021,34496.76797210301,1.4492407954850846,2972.181330472103,6969.635729613734,Other family reason
Oklahoma,2012,25470.219144602852,1.414511201629328,1348.2403258655804,2944.00366598778,Other family reason
Oklahoma,2013,23874.89238210399,1.3812474808544941,1078.6118500604596,2414.2394195888755,"Wanted to own home, not rent"
Oklahoma,2014,25123.32630098453,1.3431786216596344,1298.618846694796,3117.115330520394,Other family reason
Oklahoma,2015,25044.957760643647,1.3826684545759302,1437.0740864901106,3087.963459604425,Other family reason
Oklahoma,2016,27982.289735667695,1.4196704428424305,1713.2365259182973,3968.5509783728116,To establish own household
Oklahoma,2017,28676.061340941513,1.4219418687589158,1500.0410128388016,4083.1059201141225,"Wanted to own home, not rent"
Oklahoma,2018,27126.88019559902,1.4452933985330074,1571.663639538945,3278.9238560950052,To establish own household
Oklahoma,2019,29030.87604204422,1.4331279449075751,2481.4356650960494,9183.602392171077,"Wanted to own home, not rent"
Oklahoma,2020,33527.93093465674,1.4728959369817578,2697.3763440860216,12281.894127377998,Other housing reason
Oklahoma,2021,29759.567002612916,1.405992509363296,2366.8995893990295,4106.000746547219,Wanted new or better house/apartment
Oregon,2012,25694.422598870056,1.4125706214689266,1787.4734463276836,3518.0681732580038,"Wanted to own home, not rent"
Oregon,2013,25275.07937088515,1.4227322604242867,1636.1492318946598,3463.883321141185,Other family reason
Oregon,2014,25586.36,1.4078947368421053,1772.5494736842106,3746.702105263158,"Wanted to own home, not rent"
Oregon,2015,28758.83392351275,1.4237783286118981,1624.7985127478753,4713.012393767705,To establish own household
Oregon,2016,28601.147025388404,1.4466180371352786,1684.7927245168623,4785.693444486548,Relationship with unmarried partner
Oregon,2017,31888.489727306685,1.4445274561075832,1588.8221890175569,5593.044826298094,"Wanted to own home, not rent"
Oregon,2018,33581.406200941914,1.465708398744113,1953.229984301413,5710.686813186813,Other family reason
Oregon,2019,35062.79312948282,1.4739052472631182,2868.867497168743,15741.97281993205,"Wanted to own home, not rent"
Oregon,2020,41847.03004291846,1.5083137715179968,3075.9929769801015,24196.17284432306,Wanted new or better house/apartment
Oregon,2021,40744.20585048754,1.4896511207519885,2994.1899602744675,16484.003250270856,Wanted new or better house/apartment
Pennsylvania,2012,26834.38798370672,1.4456042090970809,1162.3486082824168,3453.228954514596,"Wanted to own home, not rent"
Pennsylvania,2013,26811.981781031842,1.4268048697428912,1350.4668823429251,3362.6356206368127,"Wanted to own home, not rent"
Pennsylvania,2014,29365.081002331004,1.4693327505827505,1602.9341491841492,4374.893939393939,"Wanted to own home, not rent"
Pennsylvania,2015,29982.465184104996,1.450214181553044,1520.6777251184835,4389.436565803864,Foreclosure/eviction
Pennsylvania,2016,31832.004691962466,1.4578488372093024,1786.2715218278254,4923.041207670339,"Wanted to own home, not rent"
Pennsylvania,2017,32019.23037542662,1.4684300341296928,1725.0179180887371,4555.171288395904,"Wanted to own home, not rent"
Pennsylvania,2018,35381.5083203905,1.4685766585311737,1941.674728200577,5512.256711781673,"Wanted to own home, not rent"
Pennsylvania,2019,34789.22195389682,1.469072447859495,2830.263227222832,13515.527552140506,Relationship with unmarried partner
Pennsylvania,2020,40365.9713639789,1.502200150867488,2888.1856317508164,16474.017081135393,Wanted new or better house/apartment
Pennsylvania,2021,41329.77344145971,1.4877948262744103,2995.842118601115,14652.597313735429,Wanted better neighborhood/less crime
Rhode Island,2012,27159.593865030674,1.4356211656441717,1343.8055214723927,3587.4742331288344,Foreclosure/eviction
Rhode Island,2013,30277.41218305504,1.4190244279529993,1463.2418058132344,4372.84508348794,"Wanted to own home, not rent"
Rhode Island,2014,32624.347014925374,1.484452736318408,1912.0248756218905,5015.582089552238,Change in marital status
Rhode Island,2015,34765.1355773726,1.4688522674146798,1750.6951846657316,5649.164095371669,To establish own household
Rhode Island,2016,33145.604844290654,1.4642733564013841,1442.104498269896,5417.337716262976,To establish own household
Rhode Island,2017,33574.5622089155,1.4629906852960746,1672.4031936127744,4811.675316034597,Change in marital status
Rhode Island,2018,36318.99458361544,1.4564996614759649,1714.3215978334463,5731.742044685173,Other job-related reason
Rhode Island,2019,38960.75329815303,1.4986807387862797,2773.184036939314,15805.135224274407,Other job-related reason
Rhode Island,2020,40943.86821705427,1.4816433566433567,2517.8992248062013,16375.873643410852,"Wanted to own home, not rent"
Rhode Island,2021,41802.24812593703,1.500093984962406,2831.9767616191903,14647.288605697151,Wanted new or better house/apartment
South Carolina,2012,20657.87252839714,1.3621161127471604,1333.2397980647875,2102.664703407657,"Wanted to own home, not rent"
South Carolina,2013,22699.098948188548,1.378262563303467,1368.5142189326061,2536.144526684846,Other family reason
South Carolina,2014,23293.833333333332,1.3703880407124682,1462.0877862595419,2692.6119592875316,Other family reason
South Carolina,2015,26007.403068340307,1.3871600418410042,1410.0041841004183,3668.6987447698743,Other family reason
South Carolina,2016,26779.299231843575,1.4160701815642458,1607.8722067039107,3812.842527932961,Other family reason
South Carolina,2017,31309.31690385283,1.4167389795209997,1678.6785838250607,4944.808399861159,To establish own household
South Carolina,2018,31179.699403717994,1.4035426166257454,1623.6404770256052,4706.003507541213,"Wanted to own home, not rent"
South Carolina,2019,32041.235314563783,1.4422141119221412,3096.6642335766423,11053.728536670142,Other job-related reason
South Carolina,2020,33771.825809029164,1.42435,2675.8869356771875,12593.279264882141,New job or job transfer
South Carolina,2021,33815.77287522604,1.4391769398114576,2406.852079566004,7759.301627486438,Cheaper housing
South Dakota,2012,23210.10435360585,1.4134263875041542,1637.5274177467597,1849.4283815221004,Other family reason
South Dakota,2013,24979.35435740929,1.451508986096982,1533.1373346897253,2199.173957273652,"Wanted to own home, not rent"
South Dakota,2014,27849.743040685225,1.4504817987152034,1808.5674518201286,3379.408993576017,['Other family reason' 'Other job-related reason']
South Dakota,2015,29312.255500673553,1.456275258194881,2111.0296362819936,3902.170184104176,Other family reason
South Dakota,2016,28998.680533333332,1.4309333333333334,1789.3770666666667,3785.0176,"Wanted to own home, not rent"
South Dakota,2017,29814.74039517014,1.4310510428100989,2104.864434687157,3507.087815587267,"Wanted to own home, not rent"
South Dakota,2018,31640.033053515213,1.4798662119622246,2141.5430220356766,3769.3473242392447,"Wanted to own home, not rent"
South Dakota,2019,32774.64549483013,1.4718119153126539,3245.8030526834073,8004.794682422452,"Wanted to own home, not rent"
South Dakota,2020,32869.06180400891,1.4857700892857142,3795.358017817372,7716.34855233853,"Wanted to own home, not rent"
South Dakota,2021,34973.28355704698,1.4757274762171237,3126.7265100671143,5095.835011185683,Wanted new or better house/apartment
Tennessee,2012,22644.00037950664,1.402798861480076,1429.64440227704,1853.8121442125237,Foreclosure/eviction
Tennessee,2013,22973.356226415093,1.3722641509433962,1479.3901886792453,1899.920754716981,Other family reason
Tennessee,2014,23660.12688172043,1.4083333333333334,1667.7569892473118,2753.94623655914,Foreclosure/eviction
Tennessee,2015,26706.000648718782,1.3954346415828738,1733.273110606552,3040.474213428479,Foreclosure/eviction
Tennessee,2016,28456.327707885855,1.4105170297637313,1747.984044185333,3533.4179196072414,"Wanted to own home, not rent"
Tennessee,2017,29145.021778584392,1.4142090139140955,1609.7964307320024,3285.4824561403507,Relationship with unmarried partner
Tennessee,2018,31989.62457017818,1.4595185995623632,1652.5461081587996,3948.653641763051,To establish own household
Tennessee,2019,30937.769473986777,1.452752227651624,2477.2132796780684,7250.464213854556,"Wanted to own home, not rent"
Tennessee,2020,33735.91384180791,1.4424301379554298,2802.2252824858756,9870.829096045198,Other family reason
Tennessee,2021,31758.427187600904,1.4397054062803496,2464.898288666451,3440.101711333549,Wanted better neighborhood/less crime
Texas,2012,24082.605744125325,1.3722311126084392,1242.2250484292092,2391.43148319717,"Wanted to own home, not rent"
Texas,2013,23968.406377042647,1.377271821442806,1231.4780390593862,2140.8596253487444,Other family reason
Texas,2014,26283.517690875233,1.3928072625698324,1538.6769087523278,3217.449410304159,Other family reason
Texas,2015,26205.759002099145,1.3905114645567576,1445.2298562893588,3082.1383013079285,"Wanted to own home, not rent"
Texas,2016,28144.455986365574,1.4083191308052834,1390.280954409885,3627.8678312739667,"Wanted to own home, not rent"
Texas,2017,28993.71866060912,1.426562762914353,1687.3171798754838,3336.318441864378,"Wanted to own home, not rent"
Texas,2018,29244.871020059752,1.4293854033290654,1686.8354246692275,3285.8709346991036,Other family reason
Texas,2019,30994.315481020647,1.43128437471824,2574.17617888378,8322.552610224506,To establish own household
Texas,2020,35210.87426556992,1.4621333761507171,2772.137271659011,10986.407435103087,Wanted new or better house/apartment
Texas,2021,34410.735832083956,1.4269727618666133,2596.9565217391305,5734.75432283858,Wanted new or better house/apartment
Utah,2012,22587.16993706035,1.46380970011107,1392.9481673454277,2878.0647908182154,"Wanted to own home, not rent"
Utah,2013,22667.34169817807,1.4679872808525267,1387.4706084565144,2683.7600550017187,Other family reason
Utah,2014,23435.66790582404,1.4622057001239157,1619.5600991325898,3098.871127633209,"Wanted to own home, not rent"
Utah,2015,24031.454330974047,1.4716043141220088,1593.8483316481295,3367.3727671048196,To establish own household
Utah,2016,25197.53961038961,1.4814935064935064,1655.9347402597402,3962.7766233766233,"Wanted to own home, not rent"
Utah,2017,29753.68590998043,1.4989399869536857,1689.0061969993476,4853.58871493803,Relationship with unmarried partner
Utah,2018,29659.934105960267,1.4975579470198674,1830.7228476821192,4691.18642384106,Relationship with unmarried partner
Utah,2019,29761.304625684723,1.5122108947048083,2397.0276932440656,14515.895617772368,"Wanted to own home, not rent"
Utah,2020,35403.01147028154,1.5177018093249826,2985.2391379909627,16886.73826903024,Change in marital status
Utah,2021,34663.36552901024,1.5201488706365502,2575.237542662116,13799.595221843003,Wanted new or better house/apartment
Vermont,2012,26844.523367952523,1.4582251483679525,1419.5044510385758,3263.367581602374,"Wanted to own home, not rent"
Vermont,2013,28642.878497202237,1.4671262989608314,1620.4524380495604,3484.1450839328536,Foreclosure/eviction
Vermont,2014,31346.38432835821,1.5321828358208955,2048.830845771144,4374.450248756219,Foreclosure/eviction
Vermont,2015,32028.24794461272,1.4870186066637818,1649.6572912159238,4595.668109043704,"Wanted to own home, not rent"
Vermont,2016,33467.058935361216,1.480097433460076,1589.8136882129277,5415.497623574144,Other housing reason
Vermont,2017,35232.91962524655,1.488042406311637,1847.7061143984222,5511.9383629191325,Other job-related reason
Vermont,2018,36472.77479757085,1.486336032388664,2312.6062753036435,5865.047570850203,Change in marital status
Vermont,2019,35772.63526570048,1.492391304347826,3272.1434782608694,12443.640096618357,"Wanted to own home, not rent"
Vermont,2020,41830.011777902415,1.5064606741573034,3514.7021873247336,15476.970274817722,Change in marital status
Vermont,2021,43651.218076720965,1.506918819188192,3499.4603258013663,14805.012086179717,To be closer to work/easier commute
Virginia,2012,29946.81993204983,1.468431483578709,1483.6708946772367,4701.856398640996,"Wanted to own home, not rent"
Virginia,2013,32477.20157370979,1.4715343670446657,1715.1441795880583,5328.987502892849,"Wanted to own home, not rent"
Virginia,2014,33262.96996047431,1.492391304347826,1764.2292490118577,5339.22371541502,To look for work or lost job
Virginia,2015,33493.59624876604,1.4849148568608095,1778.2218657453109,5536.037759131294,Foreclosure/eviction
Virginia,2016,33492.475534720186,1.4768532083211252,1753.915030764723,5876.129211837094,Relationship with unmarried partner
Virginia,2017,35432.84517619873,1.473209127671866,2056.687463893703,5984.679376083189,"Wanted to own home, not rent"
Virginia,2018,36626.405478627334,1.481073148705599,1822.5860927152319,6038.884708007225,Relationship with unmarried partner
Virginia,2019,40269.72269902338,1.4792838117786327,2696.761467889908,18536.460787215154,"Wanted to own home, not rent"
Virginia,2020,44861.86368159204,1.495636635638298,3151.7432835820896,23945.797014925374,Wanted new or better house/apartment
Virginia,2021,44342.167666561414,1.509876738305942,3354.1948215977263,18151.056520366277,New job or job transfer
Washington,2012,28522.32022297925,1.4420873335397957,1567.7993186745123,3077.2353669866834,Relationship with unmarried partner
Washington,2013,29703.44,1.4521724137931034,1446.6598620689656,3151.9144827586206,Foreclosure/eviction
Washington,2014,31206.707105719237,1.4476819757365684,1499.9679376083188,4170.693240901213,Foreclosure/eviction
Washington,2015,30126.14963609898,1.4453784570596797,1747.875691411936,3809.8634643377,Other family reason
Washington,2016,32470.879812206575,1.4608763693270737,1643.581220657277,4392.13082942097,Relationship with unmarried partner
Washington,2017,34528.28554641598,1.4638293184488838,1538.1530552291422,4440.2027027027025,"Wanted to own home, not rent"
Washington,2018,37394.37068214804,1.4798984034833091,1471.1094339622641,5143.258345428157,"Wanted to own home, not rent"
Washington,2019,39246.49811648797,1.499384236453202,2597.8478701825557,13118.979716024342,['Other family reason' 'Relationship with unmarried partner']
Washington,2020,42438.69708613513,1.5296779878244153,2700.586935638809,14242.929554915147,"Wanted to own home, not rent"
Washington,2021,42221.29918546366,1.5127470975839348,2693.7067669172934,9313.34649122807,Wanted new or better house/apartment
West Virginia,2012,22540.546733668343,1.3753768844221106,1471.5065326633166,2677.0060301507538,Other family reason
West Virginia,2013,23283.730466701625,1.3928945988463555,1389.094913476665,2919.8065023597273,"Wanted to own home, not rent"
West Virginia,2014,27995.798305084747,1.3453389830508475,1614.657627118644,4685.123728813559,"Wanted to own home, not rent"
West Virginia,2015,23821.372308711492,1.3498675057966214,1387.9380589599205,3226.5435574693606,Foreclosure/eviction
West Virginia,2016,25194.25362524879,1.4096175717941428,1520.3565538811488,3597.2223485925506,Other job-related reason
West Virginia,2017,25381.311642914763,1.376478892175316,1294.8558752352783,3453.0489378865286,To establish own household
West Virginia,2018,25803.158079625293,1.3843310889929743,1527.9780444964872,3400.126170960187,"Wanted to own home, not rent"
West Virginia,2019,27106.970520231214,1.4042991329479768,2321.9236994219655,9281.51676300578,To establish own household
West Virginia,2020,30356.38713195202,1.4402352297592997,2621.099600145402,10450.851690294438,Other family reason
West Virginia,2021,30954.824366539397,1.4311348627042058,2518.364803887539,6559.950711558487,Health reasons
Wisconsin,2012,25959.40763983629,1.4411323328785812,1589.918690313779,3372.685675306958,Foreclosure/eviction
Wisconsin,2013,27422.366693354685,1.4626034160661863,1724.0613824392847,3643.175340272218,Foreclosure/eviction
Wisconsin,2014,28048.88049209139,1.4640817223198594,1870.927065026362,4156.38927943761,Foreclosure/eviction
Wisconsin,2015,29933.540293637845,1.4748776508972268,1889.9458401305058,4831.962805872757,Other family reason
Wisconsin,2016,28893.52689538331,1.4644218551461246,1962.5730622617534,4241.099957645066,"Wanted to own home, not rent"
Wisconsin,2017,30991.211594202898,1.4717391304347827,1841.5950310559006,4708.367287784679,"Wanted to own home, not rent"
Wisconsin,2018,32859.605664488015,1.48458605664488,1757.2797385620916,4972.982135076253,"Wanted to own home, not rent"
Wisconsin,2019,32591.76768558952,1.4937772925764192,3261.6860262008736,12670.116593886463,"['Wanted better neighborhood/less crime' 'Wanted to own home, not rent']"
Wisconsin,2020,36595.03489399293,1.5106937056737588,3196.8860424028267,16565.252208480564,Wanted new or better house/apartment
Wisconsin,2021,38000.177757096324,1.5165732959850606,3214.3154955793393,11928.839925546767,To establish own household
Wyoming,2012,25662.512742487637,1.4765119817421073,1918.701787751997,2219.0528718143782,Foreclosure/eviction
Wyoming,2013,27157.292156862746,1.4840196078431374,1869.523137254902,2454.545882352941,Other family reason
Wyoming,2014,30157.71028037383,1.4666221628838452,1998.60347129506,3827.570093457944,"Wanted to own home, not rent"
Wyoming,2015,29766.695299837924,1.4908833063209077,1916.2135332252835,3670.7528363047,Foreclosure/eviction
Wyoming,2016,30249.236650485436,1.4876618122977345,1956.4461974110031,4047.7520226537217,To establish own household
Wyoming,2017,28303.507871064467,1.46875,1952.7526236881558,2834.4452773613193,"Wanted to own home, not rent"
Wyoming,2018,29153.080440996324,1.4561045324622295,2491.4467129440586,3000.20988158432,"Wanted to own home, not rent"
Wyoming,2019,31967.865665415102,1.4887880684188568,3209.340008343763,7428.806007509386,"Wanted to own home, not rent"
Wyoming,2020,34245.78453038674,1.5020170585523283,3113.352670349908,8412.182320441989,['New job or job transfer' 'Other family reason']
Wyoming,2021,32860.85100420364,1.4942091717360786,3322.0093414292387,2518.1620737972908,Wanted new or better house/apartment
